use scott_patg;

start transaction;

insert into clientes values
(1,'marcelo','zequeira','cordoba 540','mzequiera@gmail.com'),
(2,'fernando','benavides','illia 90','ferbenavd@gmail.com'),
(3,'carolina','sampietro','salta 400','carosam@gmail.com'),
(4,'belen','pardo','copahue 35','belupard@gmail.com'),
(5,'micaela','periolo','munro 442','mica56@gmail.com'),
(6,'carolina','saddi','julian a 236','saddic@gmail.com'),
(7,'dana','valenzuela','cipolletti 50','dvalen@gmail.com'),
(8,'tania','romero','buenos aires 234','taniar53@gmail.com'),
(9,'camila','mendoza','independencia 234','camii123@gmail.com'),
(10,'romina','lucini','avellaneda 2542','lucir@gmail.com');

insert into vendedores values
(1,'velazquez'),
(2,'apiroz'),
(3,'muñoz'),
(4,'barrera'),
(5,'gasparini');

insert into productos values
('SB2INASP940GBTL','ASPECT 940 SLATE GREY L','MOTOMEL'),
('SB2INASP940GBTM','ASPECT 940 SLATE GREY M','MOTOMEL'),
('SB2INASP940GBTS','ASPECT 940 SLATE GREY S','MOTOMEL'),
('SB1INASP950S1TL','ASPECT 950 BLACK L','MOTOMEL'),
('SB1INASP950S1TM','ASPECT 950 BLACK M','MOTOMEL'),
('SB1INASP950S1TS','ASPECT 950 BLACK S','MOTOMEL'),
('SB1INASP950S1XL','ASPECT 950 BLACK XL','MOTOMEL'),
('SB1INASP960D1TL','ASPECT 960 BACK L','MOTOMEL'),
('SB1INASP960D1TM','ASPECT 960 BACK M','MOTOMEL'),
('SB1INASP960D1TS','ASPECT 960 BACK S','MOTOMEL'),
('SB1INASP960R1TL','ASPECT 960 RED L','MOTOMEL'),
('SB1INASP960R1TM','ASPECT 960 RED M','MOTOMEL'),
('SB1INASP960R1TS','ASPECT 960 RED S','MOTOMEL'),
('SB1INASP960R1XS','ASPECT 960 RED XS','MOTOMEL'),
('SB1INASP960D1XL','ASPECT 960 BACK XL','MOTOMEL'),
('SB1INASP960D1XS','ASPECT 960 BACK XS','MOTOMEL'),
('SB1INSCA980D1TS','SCALE 980 DARK SLATE S','MOTOMEL'),
('SB1INSCA980D1TL','SCALE 980 DARK SLATE L','MOTOMEL'),
('SB1INSCA980D1TM','SCALE 980 DARK SLATE M','MOTOMEL'),
('SB1INSCA980D1XL','SCALE 980 DARK SLATE XL','MOTOMEL'),
('SB1NACON040V3TL','SCOTT CONTESSA ACTIVE L','MOTOMEL'),
('SB1NACON040V3TM','SCOTT CONTESSA ACTIVE M','MOTOMEL'),
('SB1NACON040V3TS','SCOTT CONTESSA ACTIVE S','MOTOMEL'),
('SB1NACON040V3XS','SCOTT CONTESSA ACTIVE XS','MOTOMEL');

insert into proveedores values
('001','SHIMANO','30716184338','ESTADOS UNIDOS 20'),
('002','MELL SPORT','30639169088','RAULET 55'),
('003','GIANT','30707097465','HABANA 1540'),
('004','MOTOMEL','30701157465','RAULET 105'),
('005','DRIAL','30708278843','GRAL. PICO 40'),
('006','KARABITIAN','30700679054','CHUBUT 450'),
('007','ARIES','30611848014','CORDOBA 1069'),
('008','JUST','30600170338','MORENO 700'),
('009','KIWISPORT','30767279740','LA RIOJA 100');

insert into fact_provee values
('004','MOTOMEL','SB1NACON040V3TS','455600','2'),
('004','MOTOMEL','SB1INASP960D1XL','425700','1'),
('004','MOTOMEL','SB1NACON040V3TM','456600','4'),
('004','MOTOMEL','SB1INASP950S1XL','468200','4'),
('004','MOTOMEL','SB1INASP950S1TL','465800','3'),
('004','MOTOMEL','SB2INASP940GBTL','468800','2'),
('004','MOTOMEL','SB1INSCA980D1XL','477500','5'),
('004','MOTOMEL','SB1NACON040V3TL','475600','1'),
('004','MOTOMEL','SB1INSCA980D1TL','458600','2'),
('004','MOTOMEL','SB1INASP960R1XS','470800','1');

insert into factura values
('2023-11-20','111','1','4','SB1INASP950S1XL','2','468200','468200'),
('2023-10-25','120','2','3','SB1NACON040V3TL','1','475600','475600'),
('2023-08-23','205','5','2','SB1NACON040V3TM','1','456600','456600'),
('2023-03-21','123','9','1','SB1INASP960D1XL','3','425700','425700'),
('2023-06-03','424','4','5','SB2INASP940GBTL','2','468800','468800'),
('2023-08-09','565','1','2','SB1INSCA980D1XL','1','477500','477500'),
('2023-10-10','122','2','4','SB1NACON040V3TS','2','455600','455600'),
('2023-09-27','126','1','5','SB1NACON040V3TS','1','455600','455600'),
('2023-07-30','579','6','2','SB1INSCA980D1TL','1','458600','458600'),
('2023-01-24','354','10','1','SB1INASP960R1XS','4','470800','470800');


savepoint saveValues;

commit;